Barcode,Name,Brand,Price,OriginalPrice,Stock,Unit,Category,Subcategory,ItemGroup,Description,Highlights,Images,ImageURL1,ImageURL2,ImageURL3,ImageURL4
,Britannia The Original Bourbon Chocolate Cream Biscuits,Britannia,36,70,50,99 g X 2,,,,"Disclaimer
All images are for representational purposes only. It is advised that you read the batch and manufacturing details, directions for use, allergen information, health and nutritional claims (wherever applicable), and other details mentioned on the label before consuming the product. For combo items, individual prices can be viewed on the page.
Customer Care Details
In case of any issue, contact us
E-mail address: support@shravankirana.in
Seller Name
Drogheria Sellers Private Limited
Seller Address
Unit No.1008, EFC Limited, Empire Tower, South-C Wing, 10th Floor, Reliable Tech Park, Airoli, Navi Mumbai – 400708, Maharashtra, India
Seller License No.
11522998001570","Brand
Britannia
Weight
2 x 99 g",https://cdn.zeptonow.com/production/ik-seo/cms/product_variant/88c131d6-693e-4440-8d3a-133740d2f3d8/Britannia-The-Original-Bourbon-Chocolate-Cream-Biscuits.jpeg|https://cdn.zeptonow.com/production/ik-seo/cms/product_variant/1cb467bf-79ff-4e56-8e52-ffb8e277c39c/Britannia-The-Original-Bourbon-Chocolate-Cream-Biscuits.png|https://cdn.zeptonow.com/production/ik-seo/cms/product_variant/ea5b83ee-b4b1-442c-aaf4-8d65362cc6ac/Britannia-The-Original-Bourbon-Chocolate-Cream-Biscuits.png|https://cdn.zeptonow.com/production/ik-seo/cms/product_variant/22d7d2f8-6769-4c49-8694-764192d09695/Britannia-The-Original-Bourbon-Chocolate-Cream-Biscuits.png|https://cdn.zeptonow.com/production/ik-seo/cms/product_variant/e3215d5b-2a17-4f56-a129-1d760938d38a/Britannia-The-Original-Bourbon-Chocolate-Cream-Biscuits.png|https://cdn.zeptonow.com/production/ik-seo/cms/product_variant/b32acd0c-6815-46e7-9878-7effb5a03c4a/Britannia-The-Original-Bourbon-Chocolate-Cream-Biscuits.png|https://cdn.zeptonow.com/production/ik-seo/cms/product_variant/ead4f3e2-90eb-43b0-ae19-e528dcb62488/Britannia-The-Original-Bourbon-Chocolate-Cream-Biscuits.jpg|https://cdn.zeptonow.com/production/ik-seo/cms/product_variant/d3bc8c78-e5a5-4c42-9d23-6cc75ad33ac0/Britannia-The-Original-Bourbon-Chocolate-Cream-Biscuits.jpg|https://cdn.zeptonow.com/production/ik-seo/cms/product_variant/cb65f8b6-9dd1-4495-858c-2b5393926b9d/Britannia-The-Original-Bourbon-Chocolate-Cream-Biscuits.jpg|https://cdn.zeptonow.com/production/ik-seo/cms/product_variant/65b9b5cc-9f76-4b7d-80ed-a48f8d9e6fd5/Britannia-The-Original-Bourbon-Chocolate-Cream-Biscuits.jpg,https://cdn.zeptonow.com/production/ik-seo/cms/product_variant/88c131d6-693e-4440-8d3a-133740d2f3d8/Britannia-The-Original-Bourbon-Chocolate-Cream-Biscuits.jpeg,https://cdn.zeptonow.com/production/ik-seo/cms/product_variant/1cb467bf-79ff-4e56-8e52-ffb8e277c39c/Britannia-The-Original-Bourbon-Chocolate-Cream-Biscuits.png,https://cdn.zeptonow.com/production/ik-seo/cms/product_variant/ea5b83ee-b4b1-442c-aaf4-8d65362cc6ac/Britannia-The-Original-Bourbon-Chocolate-Cream-Biscuits.png,https://cdn.zeptonow.com/production/ik-seo/cms/product_variant/22d7d2f8-6769-4c49-8694-764192d09695/Britannia-The-Original-Bourbon-Chocolate-Cream-Biscuits.png